"reliability","tracts","share"
"High reliability",175,0.0580046403712297
"Low reliability",256,0.0848525024859132
"Moderate reliability",2469,0.818362611866092
NA,117,0.038780245276765
