"reliability","block_groups","share"
"High reliability",5,0.000596231814929645
"Low reliability",5150,0.614118769377534
"Moderate reliability",2948,0.351538278082518
NA,283,0.0337467207250179
